file,origin,attempt_id,sentence_id,duration_s,rms_dbfs,clip_ratio,active_ratio,sec_per_syl,flags,flags_dup_of,verdict
att_20260704_123959_567213_s1.wav,user,1,1,4.25,-17.3,0.0001,0.48,0.472,,,pass
att_20260704_124004_546749_s2.wav,user,2,2,2.72,-18.0,0.0002,0.46,0.544,,,pass
att_20260704_124006_240447_s3.wav,user,3,3,3.1,-19.9,0.0,0.53,0.517,,,pass
att_20260704_124008_116977_s4.wav,user,4,4,2.85,-17.4,0.0002,0.57,0.475,,,pass
att_20260704_124009_964056_s5.wav,user,5,5,2.57,-19.4,0.0,0.5,0.514,,,pass
att_20260704_124011_788246_s6.wav,user,6,6,2.85,-19.8,0.0,0.5,0.57,,,pass
att_20260704_124013_570594_s7.wav,user,7,7,3.67,-19.1,0.0001,0.44,0.524,,,pass
att_20260704_124015_449431_s8.wav,user,8,8,3.5,-19.5,0.0,0.47,0.583,,,pass
att_20260704_124017_378172_s9.wav,user,9,9,4.47,-19.2,0.0,0.41,0.639,,,pass
att_20260704_124019_262948_s10.wav,user,10,10,3.2,-20.7,0.0001,0.47,0.64,,,pass
att_20260704_124021_098954_s1.wav,user,11,1,3.75,-20.2,0.0,0.67,0.417,,,pass
att_20260704_124023_039290_s2.wav,user,12,2,3.17,-20.7,0.0001,0.47,0.634,,,pass
att_20260704_124024_924517_s3.wav,user,13,3,3.15,-19.9,0.0,0.67,0.525,,,pass
att_20260704_124026_810299_s4.wav,user,14,4,3.55,-18.9,0.0001,0.53,0.592,,,pass
att_20260704_124028_725788_s5.wav,user,15,5,2.97,-21.2,0.0,0.57,0.594,,,pass
att_20260704_124030_626719_s6.wav,user,16,6,3.17,-20.2,0.0,0.47,0.634,,,pass
att_20260704_124032_510554_s7.wav,user,17,7,3.72,-19.5,0.0,0.5,0.531,,,pass
att_20260704_124034_495315_s8.wav,user,18,8,3.6,-20.8,0.0001,0.53,0.6,,,pass
att_20260704_124036_536457_s9.wav,user,19,9,3.42,-19.8,0.0,0.59,0.489,,,pass
att_20260704_124038_592618_s10.wav,user,20,10,3.7,-22.1,0.0001,0.39,0.74,,,pass
att_20260704_154638_384102_s1.webm,user,21,1,4.25,-17.3,0.0002,0.48,0.472,,,pass
att_20260704_154652_159316_s2.webm,user,22,2,3.17,-20.7,0.0001,0.47,0.634,,,pass
att_20260704_194704_998014_s1.webm,user,23,1,3.84,-18.0,0.0,0.58,0.427,,,pass
att_20260704_194727_973213_s1.webm,user,24,1,3.9,-18.2,0.0001,0.79,0.433,,,pass
att_20260704_194742_404898_s1.webm,user,25,1,5.46,-19.6,0.0,0.74,0.607,,,pass
att_20260704_194757_957349_s1.webm,user,26,1,3.6,-15.8,0.0,0.56,0.4,,,pass
att_20260704_194816_228078_s2.webm,user,27,2,2.28,-17.9,0.0003,0.64,0.456,,,pass
att_20260704_194905_518016_s3.webm,user,28,3,3.0,-17.6,0.0,0.53,0.5,,,pass
att_20260704_194921_040726_s3.webm,user,29,3,2.76,-17.6,0.0002,0.62,0.46,,,pass
att_20260704_195014_142630_s3.webm,user,30,3,2.52,-16.0,0.0001,0.67,0.42,,,pass
att_20260704_195024_055981_s3.webm,user,31,3,2.7,-18.9,0.0001,0.62,0.45,,,pass
att_20260704_195109_904949_s4.webm,user,32,4,2.76,-20.6,0.0,0.46,0.46,,,pass
att_20260704_195127_283908_s5.webm,user,33,5,2.64,-22.7,0.0001,0.62,0.528,,,pass
att_20260704_195145_415224_s5.webm,user,34,5,2.82,-18.1,0.0002,0.79,0.564,,,pass
att_20260704_195156_859487_s5.webm,user,35,5,2.34,-16.1,0.0001,0.73,0.468,,,pass
att_20260704_195205_989661_s5.webm,user,36,5,2.28,-16.6,0.0001,0.73,0.456,,,pass
att_20260704_195235_604080_s6.webm,user,37,6,2.28,-16.5,0.0001,0.73,0.456,,,pass
att_20260704_195247_943969_s6.webm,user,38,6,2.58,-18.0,0.0,0.58,0.516,,,pass
att_20260704_195300_403042_s7.webm,user,39,7,2.94,-20.4,0.0001,0.57,0.42,,,pass
att_20260704_195309_504812_s7.webm,user,40,7,3.06,-19.7,0.0002,0.53,0.437,,,pass
att_20260704_195322_131435_s8.webm,user,41,8,2.22,-18.8,0.0002,0.64,0.37,,,pass
att_20260704_195331_578961_s8.webm,user,42,8,2.82,-18.1,0.0,0.57,0.47,,,pass
att_20260704_195343_334572_s9.webm,user,43,9,2.64,-18.8,0.0,0.54,0.377,,,pass
att_20260704_195355_309566_s10.webm,user,44,10,1.98,-18.5,0.0002,0.67,0.396,,,pass
att_20260704_201106_722988_s1.webm,user,45,1,3.06,-16.4,0.0001,0.67,0.34,,,pass
att_20260704_201335_629947_s1.webm,user,46,1,3.78,-29.7,0.0,0.56,0.42,,,pass
att_20260704_201346_935845_s2.webm,user,47,2,2.64,-30.8,0.0,0.38,0.528,,,pass
att_20260704_201358_735182_s3.webm,user,48,3,2.64,-29.9,0.0,0.38,0.44,,,pass
att_20260704_201409_814312_s3.webm,user,49,3,3.18,-28.6,0.0,0.8,0.53,,,pass
att_20260704_201420_804447_s4.webm,user,50,4,2.76,-32.5,0.0,0.31,0.46,,,pass
att_20260704_201431_571192_s5.webm,user,51,5,2.46,-31.8,0.0,0.33,0.492,,,pass
att_20260704_201442_380632_s6.webm,user,52,6,2.88,-32.2,0.0,0.36,0.576,,,pass
att_20260704_201452_756144_s7.webm,user,53,7,3.0,-28.5,0.0,0.47,0.429,,,pass
att_20260704_201503_378937_s8.webm,user,54,8,2.82,-29.7,0.0,0.43,0.47,,,pass
att_20260704_201514_901685_s8.webm,user,55,8,3.0,-28.8,0.0,0.6,0.5,,,pass
att_20260704_201525_605393_s9.webm,user,56,9,3.06,-30.5,0.0,0.53,0.437,,,pass
att_20260704_201537_322122_s10.webm,user,57,10,2.64,-31.8,0.0,0.46,0.528,,,pass
att_20260704_204246_629211_s1.wav,user,58,1,4.25,-17.3,0.0001,0.48,0.472,duplicate_exact,att_20260704_123959_567213_s1.wav,fail
att_20260704_214549_957883_s1.webm,user,59,1,3.6,-28.8,0.0,0.5,0.4,,,pass
att_20260704_214635_945031_s2.webm,user,60,2,2.22,-29.9,0.0,0.45,0.444,,,pass
att_20260704_214643_330337_s3.webm,user,61,3,3.0,-31.4,0.0,0.47,0.5,,,pass
att_20260704_214701_269328_s4.webm,user,62,4,2.64,-33.0,0.0,0.46,0.44,,,pass
att_20260704_214713_132687_s5.webm,user,63,5,2.4,-33.2,0.0,0.42,0.48,,,pass
att_20260704_214718_779300_s6.webm,user,64,6,2.16,-34.8,0.0,0.6,0.432,,,pass
att_20260704_214725_531505_s7.webm,user,65,7,2.82,-32.1,0.0,0.5,0.403,,,pass
att_20260704_214732_045410_s8.webm,user,66,8,2.46,-31.9,0.0,0.58,0.41,,,pass
att_20260704_214738_395450_s9.webm,user,67,9,2.58,-32.3,0.0,0.67,0.369,,,pass
att_20260704_214744_105228_s10.webm,user,68,10,2.1,-33.7,0.0,0.6,0.42,,,pass
att_20260704_214750_287363_s11.webm,user,69,11,2.94,-31.9,0.0,0.64,0.367,,,pass
att_20260704_214804_911371_s12.webm,user,70,12,2.46,-29.8,0.0,0.67,0.273,,,pass
att_20260704_214819_298991_s12.webm,user,71,12,3.06,-29.5,0.0,0.6,0.34,,,pass
att_20260704_214843_593957_s13.webm,user,72,13,2.88,-30.6,0.0,0.64,0.411,,,pass
att_20260704_215005_883514_s14.webm,user,73,14,3.3,-29.1,0.0,0.62,0.33,,,pass
att_20260704_215012_363307_s15.webm,user,74,15,2.7,-31.1,0.0,0.69,0.338,,,pass
att_20260704_215030_720322_s15.webm,user,75,15,2.88,-31.3,0.0,0.71,0.36,,,pass
att_20260704_215040_137508_s15.webm,user,76,15,2.94,-31.0,0.0,0.64,0.367,,,pass
att_20260704_215049_748646_s15.webm,user,77,15,3.78,-31.3,0.0,0.61,0.472,,,pass
att_20260704_215103_536229_s16.webm,user,78,16,3.0,-31.9,0.0,0.67,0.375,,,pass
att_20260704_215109_588999_s17.webm,user,79,17,2.58,-31.1,0.0,0.67,0.43,,,pass
att_20260704_215116_200520_s18.webm,user,80,18,3.18,-32.0,0.0,0.73,0.353,,,pass
att_20260704_215122_308685_s19.webm,user,81,19,2.52,-31.9,0.0,0.75,0.315,,,pass
att_20260704_215130_705152_s20.webm,user,82,20,2.58,-30.5,0.0,0.75,0.287,,,pass
att_20260704_215137_177538_s21.webm,user,83,21,3.24,-32.6,0.0,0.62,0.36,,,pass
att_20260704_215145_063297_s22.webm,user,84,22,2.76,-31.9,0.0,0.62,0.394,,,pass
att_20260704_215151_408011_s23.webm,user,85,23,3.18,-31.6,0.0,0.73,0.398,,,pass
att_20260704_215157_799909_s24.webm,user,86,24,2.4,-31.2,0.0,0.58,0.343,,,pass
att_20260704_215203_987437_s25.webm,user,87,25,2.64,-31.1,0.0,0.62,0.33,,,pass
att_20260704_215209_209091_s26.webm,user,88,26,2.04,-31.3,0.0,0.6,0.408,,,pass
att_20260704_215215_110328_s27.webm,user,89,27,2.7,-31.9,0.0,0.54,0.386,,,pass
att_20260704_215221_414574_s28.webm,user,90,28,2.52,-30.5,0.0,0.67,0.36,,,pass
att_20260704_215227_468848_s29.webm,user,91,29,2.88,-30.2,0.0,0.5,0.411,,,pass
att_20260704_215233_692451_s30.webm,user,92,30,2.4,-31.6,0.0,0.58,0.343,,,pass
att_20260704_215240_308525_s31.webm,user,93,31,2.34,-29.0,0.0,0.64,0.334,,,pass
att_20260704_215248_685243_s31.webm,user,94,31,2.46,-29.8,0.0,0.58,0.351,,,pass
att_20260704_215303_279547_s31.webm,user,95,31,2.22,-28.0,0.0,0.73,0.317,,,pass
att_20260704_215313_302489_s32.webm,user,96,32,2.52,-30.4,0.0,0.58,0.36,,,pass
att_20260704_215321_120667_s33.webm,user,97,33,2.82,-29.1,0.0,0.64,0.313,,,pass
att_20260704_215418_822311_s1.webm,user,98,1,3.42,-29.1,0.0,0.59,0.38,,,pass
att_20260704_223721_339857_s1.mp3,synth,99,1,2.62,-17.6,0.0,0.62,0.291,,,pass
att_20260704_223726_847445_s1.mp3,synth,100,1,2.59,-17.5,0.0,0.67,0.288,,,pass
att_20260704_223728_940066_s1.mp3,synth,101,1,2.62,-17.4,0.0,0.62,0.291,,,pass
att_20260704_223730_926435_s2.mp3,synth,102,2,2.06,-20.0,0.0,0.5,0.412,,,pass
att_20260704_223732_893912_s2.mp3,synth,103,2,2.16,-20.1,0.0,0.6,0.432,,,pass
att_20260704_223734_948844_s2.mp3,synth,104,2,2.02,-19.8,0.0,0.5,0.404,,,pass
att_20260704_223736_852635_s3.mp3,synth,105,3,2.26,-18.6,0.0,0.55,0.377,,,pass
att_20260704_223738_996936_s3.mp3,synth,106,3,2.28,-18.4,0.0,0.55,0.38,,,pass
att_20260704_223741_493857_s3.mp3,synth,107,3,2.28,-18.6,0.0,0.55,0.38,,,pass
att_20260704_223743_657119_s4.mp3,synth,108,4,2.11,-20.6,0.0,0.5,0.352,,,pass
att_20260704_223745_765118_s4.mp3,synth,109,4,2.11,-20.8,0.0,0.5,0.352,,,pass
att_20260704_223747_824376_s4.mp3,synth,110,4,2.16,-20.3,0.0,0.6,0.36,,,pass
att_20260704_223749_888599_s5.mp3,synth,111,5,2.02,-22.5,0.0,0.5,0.404,,,pass
att_20260704_223752_028907_s5.mp3,synth,112,5,2.04,-21.5,0.0,0.5,0.408,,,pass
att_20260704_223754_138951_s5.mp3,synth,113,5,2.02,-22.0,0.0,0.5,0.404,,,pass
att_20260704_223756_184130_s6.mp3,synth,114,6,2.21,-20.2,0.0,0.55,0.442,,,pass
att_20260704_223758_401567_s6.mp3,synth,115,6,2.14,-20.5,0.0,0.5,0.428,,,pass
att_20260704_223800_496678_s6.mp3,synth,116,6,2.21,-18.3,0.0,0.45,0.442,,,pass
att_20260704_223802_541513_s7.mp3,synth,117,7,2.26,-19.1,0.0,0.55,0.323,,,pass
att_20260704_223804_749455_s7.mp3,synth,118,7,2.28,-19.7,0.0,0.55,0.326,,,pass
att_20260704_223806_910094_s7.mp3,synth,119,7,2.26,-19.5,0.0,0.55,0.323,,,pass
att_20260704_223809_054124_s8.mp3,synth,120,8,2.18,-20.5,0.0,0.6,0.363,,,pass
att_20260704_223811_273708_s8.mp3,synth,121,8,2.21,-20.6,0.0,0.55,0.368,,,pass
att_20260704_223813_510534_s8.mp3,synth,122,8,2.18,-19.1,0.0,0.6,0.363,,,pass
att_20260704_223815_667231_s9.mp3,synth,123,9,2.52,-20.2,0.0,0.58,0.36,,,pass
att_20260704_223817_840775_s9.mp3,synth,124,9,2.5,-19.8,0.0,0.58,0.357,,,pass
att_20260704_223819_984914_s9.mp3,synth,125,9,2.5,-20.7,0.0,0.58,0.357,,,pass
att_20260704_223822_109723_s10.mp3,synth,126,10,2.26,-24.3,0.0,0.55,0.452,,,pass
att_20260704_223824_236180_s10.mp3,synth,127,10,2.26,-24.3,0.0,0.55,0.452,duplicate_exact,att_20260704_223822_109723_s10.mp3,fail
att_20260704_223826_300620_s10.mp3,synth,128,10,2.06,-24.3,0.0,0.5,0.412,,,pass
att_20260704_223828_425170_s11.mp3,synth,129,11,2.5,-17.9,0.0,0.58,0.312,,,pass
att_20260704_223830_681236_s11.mp3,synth,130,11,2.5,-17.7,0.0,0.58,0.312,,,pass
att_20260704_223832_826994_s11.mp3,synth,131,11,2.45,-17.9,0.0,0.58,0.306,,,pass
att_20260704_223834_930790_s12.mp3,synth,132,12,2.54,-18.6,0.0,0.58,0.282,,,pass
att_20260704_223837_152700_s12.mp3,synth,133,12,2.5,-18.8,0.0,0.58,0.278,,,pass
att_20260704_223839_392085_s12.mp3,synth,134,12,2.54,-18.2,0.0,0.58,0.282,,,pass
att_20260704_223841_612007_s13.mp3,synth,135,13,2.52,-20.0,0.0,0.58,0.36,,,pass
att_20260704_223843_800398_s13.mp3,synth,136,13,2.35,-19.7,0.0,0.64,0.336,,,pass
att_20260704_223845_990542_s13.mp3,synth,137,13,2.54,-19.7,0.0,0.58,0.363,,,pass
att_20260704_223848_259048_s14.mp3,synth,138,14,2.69,-18.2,0.0,0.62,0.269,,,pass
att_20260704_223850_672910_s14.mp3,synth,139,14,2.76,-18.4,0.0,0.69,0.276,,,pass
att_20260704_223852_909855_s14.mp3,synth,140,14,2.78,-18.3,0.0,0.69,0.278,,,pass
att_20260704_223855_197150_s15.mp3,synth,141,15,2.59,-19.2,0.0,0.67,0.324,,,pass
att_20260704_223857_517213_s15.mp3,synth,142,15,2.64,-19.2,0.0,0.62,0.33,,,pass
att_20260704_223859_737461_s15.mp3,synth,143,15,2.52,-18.3,0.0,0.58,0.315,,,pass
att_20260704_223902_023681_s16.mp3,synth,144,16,2.47,-19.7,0.0,0.58,0.309,,,pass
att_20260704_223904_167266_s16.mp3,synth,145,16,2.52,-19.5,0.0,0.58,0.315,,,pass
att_20260704_223906_292610_s16.mp3,synth,146,16,2.45,-19.6,0.0,0.58,0.306,,,pass
att_20260704_223908_512950_s17.mp3,synth,147,17,2.28,-21.3,0.0,0.55,0.38,,,pass
att_20260704_223910_913115_s17.mp3,synth,148,17,2.28,-21.2,0.0,0.55,0.38,,,pass
att_20260704_223913_023297_s17.mp3,synth,149,17,2.3,-19.6,0.0,0.55,0.383,,,pass
att_20260704_223915_231711_s18.mp3,synth,150,18,2.78,-20.4,0.0,0.69,0.309,,,pass
att_20260704_223917_599306_s18.mp3,synth,151,18,2.78,-19.4,0.0,0.69,0.309,,,pass
att_20260704_223919_990826_s18.mp3,synth,152,18,2.78,-19.9,0.0,0.69,0.309,,,pass
att_20260704_223922_418126_s19.mp3,synth,153,19,2.57,-18.6,0.0,0.67,0.321,,,pass
att_20260704_223924_735479_s19.mp3,synth,154,19,2.52,-18.2,0.0,0.58,0.315,,,pass
att_20260704_223927_036744_s19.mp3,synth,155,19,2.57,-19.3,0.0,0.67,0.321,,,pass
att_20260704_223929_341340_s20.mp3,synth,156,20,2.62,-17.9,0.0,0.62,0.291,,,pass
att_20260704_223931_694810_s20.mp3,synth,157,20,2.59,-17.8,0.0,0.67,0.288,,,pass
att_20260704_223934_012962_s20.mp3,synth,158,20,2.62,-17.8,0.0,0.62,0.291,,,pass
att_20260704_223936_334301_s21.mp3,synth,159,21,2.66,-17.6,0.0,0.62,0.296,,,pass
att_20260704_223938_669103_s21.mp3,synth,160,21,2.71,-17.7,0.0,0.62,0.301,,,pass
att_20260704_223941_007867_s21.mp3,synth,161,21,2.69,-17.3,0.0,0.62,0.299,,,pass
att_20260704_223943_307406_s22.mp3,synth,162,22,2.47,-20.4,0.0,0.58,0.353,,,pass
att_20260704_223945_514905_s22.mp3,synth,163,22,2.42,-20.1,0.0,0.58,0.346,,,pass
att_20260704_223947_687222_s22.mp3,synth,164,22,2.52,-19.5,0.0,0.67,0.36,,,pass
att_20260704_223949_891245_s23.mp3,synth,165,23,2.54,-19.0,0.0,0.58,0.318,,,pass
att_20260704_223952_193876_s23.mp3,synth,166,23,2.54,-18.7,0.0,0.58,0.318,,,pass
att_20260704_223954_782453_s23.mp3,synth,167,23,2.54,-18.9,0.0,0.58,0.318,,,pass
att_20260704_223957_066544_s24.mp3,synth,168,24,2.33,-20.1,0.0,0.55,0.333,,,pass
att_20260704_223959_285750_s24.mp3,synth,169,24,2.33,-20.2,0.0,0.55,0.333,,,pass
att_20260704_224001_524994_s24.mp3,synth,170,24,2.45,-20.9,0.0,0.5,0.35,,,pass
att_20260704_224003_699385_s25.mp3,synth,171,25,2.54,-19.3,0.0,0.58,0.318,,,pass
att_20260704_224006_031690_s25.mp3,synth,172,25,2.64,-19.6,0.0,0.62,0.33,,,pass
att_20260704_224008_329611_s25.mp3,synth,173,25,2.62,-19.0,0.0,0.62,0.328,,,pass
att_20260704_224010_628030_s26.mp3,synth,174,26,2.09,-20.9,0.0,0.5,0.418,,,pass
att_20260704_224012_831911_s26.mp3,synth,175,26,2.06,-21.8,0.0,0.5,0.412,,,pass
att_20260704_224015_104163_s26.mp3,synth,176,26,2.14,-20.9,0.0,0.6,0.428,,,pass
att_20260704_224017_342210_s27.mp3,synth,177,27,2.4,-19.8,0.0,0.58,0.343,,,pass
att_20260704_224019_660423_s27.mp3,synth,178,27,2.42,-20.1,0.0,0.58,0.346,,,pass
att_20260704_224021_866613_s27.mp3,synth,179,27,2.54,-19.9,0.0,0.67,0.363,,,pass
att_20260704_224024_201219_s28.mp3,synth,180,28,2.4,-19.1,0.0,0.58,0.343,,,pass
att_20260704_224026_481513_s28.mp3,synth,181,28,2.52,-18.9,0.0,0.58,0.36,,,pass
att_20260704_224028_690175_s28.mp3,synth,182,28,2.42,-18.8,0.0,0.58,0.346,,,pass
att_20260704_224030_978618_s29.mp3,synth,183,29,2.23,-20.9,0.0,0.55,0.319,,,pass
att_20260704_224033_185359_s29.mp3,synth,184,29,2.28,-20.4,0.0,0.55,0.326,,,pass
att_20260704_224035_426796_s29.mp3,synth,185,29,2.26,-21.1,0.0,0.55,0.323,,,pass
att_20260704_224037_668536_s30.mp3,synth,186,30,2.26,-19.5,0.0,0.55,0.323,,,pass
att_20260704_224039_888390_s30.mp3,synth,187,30,2.38,-18.3,0.0,0.64,0.34,,,pass
att_20260704_224042_178002_s30.mp3,synth,188,30,2.33,-18.5,0.0,0.55,0.333,,,pass
att_20260704_224044_417057_s31.mp3,synth,189,31,2.23,-18.4,0.0,0.55,0.319,,,pass
att_20260704_224046_721239_s31.mp3,synth,190,31,2.35,-18.6,0.0,0.64,0.336,,,pass
att_20260704_224048_962349_s31.mp3,synth,191,31,2.28,-18.4,0.0,0.55,0.326,,,pass
att_20260704_224051_185360_s32.mp3,synth,192,32,2.47,-20.2,0.0,0.58,0.353,,,pass
att_20260704_224053_472926_s32.mp3,synth,193,32,2.52,-20.0,0.0,0.58,0.36,,,pass
att_20260704_224055_792162_s32.mp3,synth,194,32,2.42,-18.6,0.0,0.58,0.346,,,pass
att_20260704_224058_022945_s33.mp3,synth,195,33,2.59,-20.5,0.0,0.67,0.288,,,pass
att_20260704_224100_348154_s33.mp3,synth,196,33,2.54,-19.9,0.0,0.58,0.282,,,pass
att_20260704_224102_649581_s33.mp3,synth,197,33,2.62,-20.6,0.0,0.62,0.291,,,pass
att_20260704_224127_910505_s1.mp3,synth,198,1,2.98,-21.0,0.0,0.57,0.331,,,pass
att_20260704_224130_216400_s1.mp3,synth,199,1,2.93,-20.8,0.0,0.64,0.326,,,pass
att_20260704_224132_401417_s1.mp3,synth,200,1,2.98,-21.1,0.0,0.5,0.331,,,pass
att_20260704_224134_506587_s2.mp3,synth,201,2,2.4,-21.1,0.0,0.42,0.48,,,pass
att_20260704_224136_568328_s2.mp3,synth,202,2,2.4,-20.9,0.0,0.42,0.48,,,pass
att_20260704_224138_762679_s2.mp3,synth,203,2,2.28,-21.8,0.0,0.55,0.456,,,pass
att_20260704_224140_971071_s3.mp3,synth,204,3,2.45,-20.9,0.0,0.5,0.408,,,pass
att_20260704_224143_158598_s3.mp3,synth,205,3,2.52,-21.0,0.0,0.5,0.42,,,pass
att_20260704_224145_471802_s3.mp3,synth,206,3,2.42,-20.2,0.0,0.5,0.403,,,pass
att_20260704_224147_867834_s4.mp3,synth,207,4,2.52,-21.7,0.0,0.42,0.42,,,pass
att_20260704_224150_026345_s4.mp3,synth,208,4,2.52,-21.7,0.0,0.42,0.42,duplicate_exact,att_20260704_224147_867834_s4.mp3,fail
att_20260704_224152_131883_s4.mp3,synth,209,4,2.4,-22.3,0.0,0.42,0.4,,,pass
att_20260704_224154_334392_s5.mp3,synth,210,5,2.4,-22.2,0.0,0.42,0.48,,,pass
att_20260704_224156_618763_s5.mp3,synth,211,5,2.3,-22.4,0.0,0.36,0.46,,,pass
att_20260704_224158_810271_s5.mp3,synth,212,5,2.4,-22.4,0.0,0.42,0.48,,,pass
att_20260704_224200_969538_s6.mp3,synth,213,6,2.5,-22.5,0.0,0.5,0.5,,,pass
att_20260704_224203_084327_s6.mp3,synth,214,6,2.45,-23.2,0.0,0.5,0.49,,,pass
att_20260704_224205_255948_s6.mp3,synth,215,6,2.47,-23.0,0.0,0.42,0.494,,,pass
att_20260704_224207_429798_s7.mp3,synth,216,7,2.57,-21.8,0.0,0.5,0.367,,,pass
att_20260704_224209_634332_s7.mp3,synth,217,7,2.62,-22.6,0.0,0.46,0.374,,,pass
att_20260704_224211_729871_s7.mp3,synth,218,7,2.62,-22.6,0.0,0.46,0.374,duplicate_exact,att_20260704_224209_634332_s7.mp3,fail
att_20260704_224213_920882_s8.mp3,synth,219,8,2.45,-22.6,0.0,0.5,0.408,,,pass
att_20260704_224216_226974_s8.mp3,synth,220,8,2.47,-22.5,0.0,0.5,0.412,,,pass
att_20260704_224218_432663_s8.mp3,synth,221,8,2.4,-20.3,0.0,0.5,0.4,,,pass
att_20260704_224220_737384_s9.mp3,synth,222,9,2.71,-21.2,0.0,0.54,0.387,,,pass
att_20260704_224222_925819_s9.mp3,synth,223,9,2.74,-21.0,0.0,0.54,0.391,,,pass
att_20260704_224225_341486_s9.mp3,synth,224,9,2.74,-20.0,0.0,0.54,0.391,,,pass
att_20260704_224227_625588_s10.mp3,synth,225,10,2.42,-24.5,0.0,0.42,0.484,,,pass
att_20260704_224229_786060_s10.mp3,synth,226,10,2.4,-24.9,0.0,0.42,0.48,,,pass
att_20260704_224231_993883_s10.mp3,synth,227,10,2.42,-24.5,0.0,0.42,0.484,duplicate_exact,att_20260704_224227_625588_s10.mp3,fail
att_20260704_224234_198302_s11.mp3,synth,228,11,2.86,-22.0,0.0,0.5,0.357,,,pass
att_20260704_224236_391113_s11.mp3,synth,229,11,2.88,-21.6,0.0,0.5,0.36,,,pass
att_20260704_224238_664430_s11.mp3,synth,230,11,2.88,-22.1,0.0,0.5,0.36,,,pass
att_20260704_224241_047112_s12.mp3,synth,231,12,2.81,-20.2,0.0,0.5,0.312,,,pass
att_20260704_224243_413186_s12.mp3,synth,232,12,2.88,-20.2,0.0,0.5,0.32,,,pass
att_20260704_224245_856912_s12.mp3,synth,233,12,2.88,-20.9,0.0,0.5,0.32,,,pass
att_20260704_224248_159177_s13.mp3,synth,234,13,2.9,-22.0,0.0,0.5,0.414,,,pass
att_20260704_224250_318010_s13.mp3,synth,235,13,2.93,-21.9,0.0,0.5,0.419,,,pass
att_20260704_224252_649960_s13.mp3,synth,236,13,2.88,-22.2,0.0,0.57,0.411,,,pass
att_20260704_224255_110289_s14.mp3,synth,237,14,3.1,-20.7,0.0,0.53,0.31,,,pass
att_20260704_224257_506794_s14.mp3,synth,238,14,3.05,-20.3,0.0,0.53,0.305,,,pass
att_20260704_224259_872561_s14.mp3,synth,239,14,3.1,-20.5,0.0,0.53,0.31,,,pass
att_20260704_224302_477725_s15.mp3,synth,240,15,2.95,-19.4,0.0,0.5,0.369,,,pass
att_20260704_224304_797519_s15.mp3,synth,241,15,2.98,-19.7,0.0,0.57,0.372,,,pass
att_20260704_224307_210547_s15.mp3,synth,242,15,2.95,-19.4,0.0,0.57,0.369,,,pass
att_20260704_224309_495157_s16.mp3,synth,243,16,2.93,-21.6,0.0,0.5,0.366,,,pass
att_20260704_224311_750050_s16.mp3,synth,244,16,2.9,-21.4,0.0,0.5,0.362,,,pass
att_20260704_224314_005735_s16.mp3,synth,245,16,2.86,-21.6,0.0,0.5,0.357,,,pass
att_20260704_224316_242854_s17.mp3,synth,246,17,2.52,-22.9,0.0,0.5,0.42,,,pass
att_20260704_224318_449942_s17.mp3,synth,247,17,2.54,-22.2,0.0,0.5,0.423,,,pass
att_20260704_224320_642937_s17.mp3,synth,248,17,2.54,-23.0,0.0,0.5,0.423,,,pass
att_20260704_224322_948076_s18.mp3,synth,249,18,3.02,-20.6,0.0,0.53,0.336,,,pass
att_20260704_224325_488742_s18.mp3,synth,250,18,3.05,-20.7,0.0,0.53,0.339,,,pass
att_20260704_224327_807347_s18.mp3,synth,251,18,3.02,-20.6,0.0,0.53,0.336,duplicate_exact,att_20260704_224322_948076_s18.mp3,fail
att_20260704_224330_093086_s19.mp3,synth,252,19,2.71,-21.1,0.0,0.62,0.339,,,pass
att_20260704_224332_444334_s19.mp3,synth,253,19,2.69,-20.9,0.0,0.54,0.336,,,pass
att_20260704_224334_882942_s19.mp3,synth,254,19,2.81,-21.0,0.0,0.5,0.351,,,pass
att_20260704_224337_169271_s20.mp3,synth,255,20,2.98,-22.6,0.0,0.5,0.331,,,pass
att_20260704_224339_853273_s20.mp3,synth,256,20,2.93,-22.5,0.0,0.5,0.326,,,pass
att_20260704_224342_254512_s20.mp3,synth,257,20,3.1,-22.7,0.0,0.53,0.344,,,pass
att_20260704_224344_742254_s21.mp3,synth,258,21,3.17,-20.1,0.0,0.6,0.352,,,pass
att_20260704_224347_041638_s21.mp3,synth,259,21,3.12,-19.9,0.0,0.53,0.347,,,pass
att_20260704_224349_454727_s21.mp3,synth,260,21,3.02,-20.2,0.0,0.53,0.336,,,pass
att_20260704_224351_897058_s22.mp3,synth,261,22,3.02,-22.2,0.0,0.47,0.431,,,pass
att_20260704_224354_376195_s22.mp3,synth,262,22,3.1,-21.9,0.0,0.47,0.443,,,pass
att_20260704_224356_649011_s22.mp3,synth,263,22,3.0,-22.7,0.0,0.47,0.429,,,pass
att_20260704_224359_208214_s23.mp3,synth,264,23,2.83,-21.0,0.0,0.5,0.354,,,pass
att_20260704_224401_702116_s23.mp3,synth,265,23,2.88,-21.0,0.0,0.5,0.36,,,pass
att_20260704_224404_032880_s23.mp3,synth,266,23,2.81,-20.7,0.0,0.5,0.351,,,pass
att_20260704_224406_316211_s24.mp3,synth,267,24,2.64,-23.6,0.0,0.54,0.377,,,pass
att_20260704_224408_587073_s24.mp3,synth,268,24,2.59,-21.6,0.0,0.5,0.37,,,pass
att_20260704_224411_146458_s24.mp3,synth,269,24,2.66,-23.2,0.0,0.54,0.38,,,pass
att_20260704_224413_528692_s25.mp3,synth,270,25,2.81,-22.4,0.0,0.5,0.351,,,pass
att_20260704_224415_781252_s25.mp3,synth,271,25,2.83,-21.5,0.0,0.5,0.354,,,pass
att_20260704_224418_047207_s25.mp3,synth,272,25,2.83,-21.8,0.0,0.5,0.354,,,pass
att_20260704_224420_253973_s26.mp3,synth,273,26,2.38,-24.0,0.0,0.55,0.476,,,pass
att_20260704_224422_681195_s26.mp3,synth,274,26,2.4,-24.0,0.0,0.5,0.48,,,pass
att_20260704_224424_953261_s26.mp3,synth,275,26,2.42,-24.0,0.0,0.5,0.484,,,pass
att_20260704_224427_157801_s27.mp3,synth,276,27,2.74,-23.6,0.0,0.46,0.391,,,pass
att_20260704_224429_474421_s27.mp3,synth,277,27,2.83,-23.0,0.0,0.5,0.404,,,pass
att_20260704_224431_773709_s27.mp3,synth,278,27,2.74,-24.0,0.0,0.46,0.391,,,pass
att_20260704_224434_122426_s28.mp3,synth,279,28,2.69,-22.0,0.0,0.54,0.384,,,pass
att_20260704_224436_360081_s28.mp3,synth,280,28,2.74,-21.9,0.0,0.54,0.391,,,pass
att_20260704_224438_727235_s28.mp3,synth,281,28,2.69,-21.8,0.0,0.54,0.384,,,pass
att_20260704_224441_010377_s29.mp3,synth,282,29,2.57,-21.5,0.0,0.58,0.367,,,pass
att_20260704_224443_263797_s29.mp3,synth,283,29,2.62,-21.5,0.0,0.46,0.374,,,pass
att_20260704_224445_532721_s29.mp3,synth,284,29,2.69,-22.0,0.0,0.46,0.384,,,pass
att_20260704_224447_931215_s30.mp3,synth,285,30,2.69,-20.1,0.0,0.46,0.384,,,pass
att_20260704_224450_214040_s30.mp3,synth,286,30,2.66,-20.1,0.0,0.46,0.38,,,pass
att_20260704_224452_548862_s30.mp3,synth,287,30,2.66,-20.3,0.0,0.46,0.38,,,pass
att_20260704_224455_042930_s31.mp3,synth,288,31,2.64,-20.7,0.0,0.46,0.377,,,pass
att_20260704_224457_408397_s31.mp3,synth,289,31,2.62,-20.4,0.0,0.46,0.374,,,pass
att_20260704_224459_916936_s31.mp3,synth,290,31,2.59,-20.7,0.0,0.5,0.37,,,pass
att_20260704_224502_215353_s32.mp3,synth,291,32,2.81,-21.9,0.0,0.5,0.401,,,pass
att_20260704_224504_626459_s32.mp3,synth,292,32,2.81,-21.4,0.0,0.5,0.401,,,pass
att_20260704_224506_941085_s32.mp3,synth,293,32,2.93,-22.4,0.0,0.5,0.419,,,pass
att_20260704_224509_292011_s33.mp3,synth,294,33,2.86,-19.9,0.0,0.5,0.318,,,pass
att_20260704_224511_692629_s33.mp3,synth,295,33,2.88,-20.0,0.0,0.5,0.32,,,pass
att_20260704_224514_152336_s33.mp3,synth,296,33,2.93,-19.2,0.0,0.57,0.326,,,pass
att_20260705_173113_177153_s1.mp3,synth,297,1,2.38,-17.6,0.0,0.64,0.264,,,pass
att_20260705_173120_378184_s1.mp3,synth,298,1,2.35,-17.7,0.0,0.64,0.261,,,pass
att_20260705_173123_441149_s1.mp3,synth,299,1,2.35,-17.7,0.0,0.64,0.261,,,pass
att_20260705_173126_267553_s2.mp3,synth,300,2,2.16,-20.0,0.0,0.5,0.432,,,pass
att_20260705_173128_809931_s2.mp3,synth,301,2,2.26,-20.1,0.0,0.45,0.452,,,pass
att_20260705_173131_689095_s2.mp3,synth,302,2,1.99,-20.1,0.0,0.56,0.398,,,pass
att_20260705_173134_316935_s3.mp3,synth,303,3,2.04,-18.5,0.0,0.5,0.34,,,pass
att_20260705_173136_872139_s3.mp3,synth,304,3,2.06,-18.9,0.0,0.6,0.343,,,pass
att_20260705_173140_057387_s3.mp3,synth,305,3,2.42,-19.1,0.0,0.5,0.403,,,pass
att_20260705_173142_918363_s4.mp3,synth,306,4,1.94,-20.6,0.0,0.67,0.323,,,pass
att_20260705_173145_918367_s4.mp3,synth,307,4,2.04,-20.7,0.0,0.5,0.34,,,pass
att_20260705_173148_716540_s4.mp3,synth,308,4,1.94,-21.1,0.0,0.56,0.323,,,pass
att_20260705_173151_641072_s5.mp3,synth,309,5,2.11,-22.5,0.0,0.5,0.422,,,pass
att_20260705_173154_722849_s5.mp3,synth,310,5,2.21,-22.1,0.0,0.45,0.442,,,pass
att_20260705_173159_345990_s5.mp3,synth,311,5,1.8,-22.3,0.0,0.44,0.36,,,pass
att_20260705_173202_271535_s6.mp3,synth,312,6,2.02,-20.1,0.0,0.5,0.404,,,pass
att_20260705_173204_835830_s6.mp3,synth,313,6,2.14,-20.4,0.0,0.5,0.428,,,pass
att_20260705_173207_325076_s6.mp3,synth,314,6,2.02,-19.8,0.0,0.5,0.404,,,pass
att_20260705_173209_948307_s7.mp3,synth,315,7,2.26,-19.0,0.0,0.55,0.323,,,pass
att_20260705_173214_147765_s7.mp3,synth,316,7,2.21,-18.8,0.0,0.55,0.316,,,pass
att_20260705_173216_799670_s7.mp3,synth,317,7,2.28,-19.2,0.0,0.55,0.326,,,pass
att_20260705_173219_422158_s8.mp3,synth,318,8,2.42,-20.5,0.0,0.5,0.403,,,pass
att_20260705_173222_201474_s8.mp3,synth,319,8,2.4,-20.0,0.0,0.5,0.4,,,pass
att_20260705_173224_667636_s8.mp3,synth,320,8,2.28,-20.7,0.0,0.55,0.38,,,pass
att_20260705_173227_518730_s9.mp3,synth,321,9,2.64,-20.2,0.0,0.62,0.377,,,pass
att_20260705_173230_284874_s9.mp3,synth,322,9,2.5,-20.4,0.0,0.58,0.357,,,pass
att_20260705_173232_934903_s9.mp3,synth,323,9,2.69,-20.6,0.0,0.62,0.384,,,pass
att_20260705_173235_598088_s10.mp3,synth,324,10,2.26,-24.1,0.0,0.55,0.452,,,pass
att_20260705_173238_439125_s10.mp3,synth,325,10,2.45,-24.0,0.0,0.5,0.49,,,pass
att_20260705_173240_966555_s10.mp3,synth,326,10,2.16,-24.4,0.0,0.6,0.432,,,pass
att_20260705_173243_587029_s11.mp3,synth,327,11,2.28,-17.9,0.0,0.73,0.285,,,pass
att_20260705_173246_247871_s11.mp3,synth,328,11,2.76,-17.9,0.0,0.62,0.345,,,pass
att_20260705_173248_901051_s11.mp3,synth,329,11,2.74,-18.6,0.0,0.62,0.343,,,pass
att_20260705_173251_745738_s12.mp3,synth,330,12,2.42,-18.5,0.0,0.58,0.269,,,pass
att_20260705_173254_976856_s12.mp3,synth,331,12,2.86,-18.1,0.0,0.57,0.318,,,pass
att_20260705_173258_006537_s12.mp3,synth,332,12,2.4,-18.7,0.0,0.58,0.267,,,pass
att_20260705_173300_965105_s13.mp3,synth,333,13,2.3,-19.9,0.0,0.73,0.329,,,pass
att_20260705_173304_134686_s13.mp3,synth,334,13,2.42,-20.2,0.0,0.58,0.346,,,pass
att_20260705_173307_146778_s13.mp3,synth,335,13,2.52,-20.0,0.0,0.58,0.36,duplicate_exact,att_20260704_223841_612007_s13.mp3,fail
att_20260705_173309_921237_s14.mp3,synth,336,14,2.83,-18.2,0.0,0.64,0.283,,,pass
att_20260705_173313_069184_s14.mp3,synth,337,14,2.59,-18.6,0.0,0.67,0.259,,,pass
att_20260705_173316_457045_s14.mp3,synth,338,14,2.83,-18.2,0.0,0.64,0.283,,,pass
att_20260705_173319_302959_s15.mp3,synth,339,15,2.74,-19.1,0.0,0.62,0.343,,,pass
att_20260705_173322_758173_s15.mp3,synth,340,15,2.83,-19.4,0.0,0.57,0.354,,,pass
att_20260705_173326_172853_s15.mp3,synth,341,15,2.57,-19.6,0.0,0.58,0.321,,,pass
att_20260705_173329_098096_s16.mp3,synth,342,16,2.59,-19.7,0.0,0.58,0.324,,,pass
att_20260705_173331_765021_s16.mp3,synth,343,16,2.28,-19.6,0.0,0.64,0.285,,,pass
att_20260705_173334_553353_s16.mp3,synth,344,16,2.62,-19.8,0.0,0.62,0.328,,,pass
att_20260705_173337_470251_s17.mp3,synth,345,17,2.28,-21.3,0.0,0.55,0.38,,,pass
att_20260705_173339_989022_s17.mp3,synth,346,17,2.09,-21.3,0.0,0.6,0.348,,,pass
att_20260705_173343_222428_s17.mp3,synth,347,17,2.28,-21.2,0.0,0.55,0.38,,,pass
att_20260705_173346_413379_s18.mp3,synth,348,18,2.9,-20.3,0.0,0.64,0.322,,,pass
att_20260705_173349_457520_s18.mp3,synth,349,18,3.07,-20.1,0.0,0.67,0.341,,,pass
att_20260705_173352_080949_s18.mp3,synth,350,18,2.81,-20.5,0.0,0.64,0.312,,,pass
att_20260705_173355_122986_s19.mp3,synth,351,19,2.45,-18.6,0.0,0.58,0.306,,,pass
att_20260705_173407_910366_s19.mp3,synth,352,19,2.42,-18.5,0.0,0.58,0.302,,,pass
att_20260705_173411_482417_s19.mp3,synth,353,19,2.81,-19.3,0.0,0.57,0.351,,,pass
att_20260705_173424_802583_s20.mp3,synth,354,20,2.62,-17.9,0.0,0.62,0.291,,,pass
att_20260705_173428_904138_s20.mp3,synth,355,20,3.0,-17.8,0.0,0.6,0.333,,,pass
att_20260705_173433_402849_s20.mp3,synth,356,20,2.62,-18.2,0.0,0.62,0.291,,,pass
att_20260705_173438_464341_s21.mp3,synth,357,21,2.95,-17.6,0.0,0.64,0.328,,,pass
att_20260705_173442_887481_s21.mp3,synth,358,21,2.57,-17.6,0.0,0.67,0.286,,,pass
att_20260705_173446_939919_s21.mp3,synth,359,21,2.83,-17.8,0.0,0.64,0.314,,,pass
att_20260705_173450_770911_s22.mp3,synth,360,22,2.47,-20.4,0.0,0.58,0.353,duplicate_exact,att_20260704_223943_307406_s22.mp3,fail
att_20260705_173454_812132_s22.mp3,synth,361,22,2.74,-20.4,0.0,0.62,0.391,,,pass
att_20260705_173458_826692_s22.mp3,synth,362,22,2.71,-20.8,0.0,0.62,0.387,,,pass
att_20260705_173501_387264_s23.mp3,synth,363,23,2.42,-19.1,0.0,0.58,0.302,,,pass
att_20260705_173503_922446_s23.mp3,synth,364,23,2.28,-18.4,0.0,0.64,0.285,,,pass
att_20260705_173506_635052_s23.mp3,synth,365,23,2.28,-18.9,0.0,0.64,0.285,,,pass
att_20260705_173509_488382_s24.mp3,synth,366,24,2.45,-20.2,0.0,0.58,0.35,,,pass
att_20260705_173512_098854_s24.mp3,synth,367,24,2.16,-20.4,0.0,0.6,0.309,,,pass
att_20260705_173514_593335_s24.mp3,synth,368,24,2.21,-19.8,0.0,0.55,0.316,,,pass
att_20260705_173517_119378_s25.mp3,synth,369,25,2.42,-19.3,0.0,0.58,0.302,,,pass
att_20260705_173519_943946_s25.mp3,synth,370,25,2.83,-19.3,0.0,0.64,0.354,,,pass
att_20260705_173522_705608_s25.mp3,synth,371,25,2.71,-19.4,0.0,0.62,0.339,,,pass
att_20260705_173526_093476_s26.mp3,synth,372,26,2.09,-20.9,0.0,0.5,0.418,,,pass
att_20260705_173528_885557_s26.mp3,synth,373,26,1.99,-20.9,0.0,0.56,0.398,,,pass
att_20260705_173531_615207_s26.mp3,synth,374,26,2.11,-21.0,0.0,0.5,0.422,,,pass
att_20260705_173534_523485_s27.mp3,synth,375,27,2.3,-19.9,0.0,0.64,0.329,,,pass
att_20260705_173537_156582_s27.mp3,synth,376,27,2.3,-20.0,0.0,0.64,0.329,,,pass
att_20260705_173539_664160_s27.mp3,synth,377,27,2.54,-19.6,0.0,0.58,0.363,,,pass
att_20260705_173542_166470_s28.mp3,synth,378,28,2.4,-19.2,0.0,0.58,0.343,,,pass
att_20260705_173544_866901_s28.mp3,synth,379,28,2.52,-19.1,0.0,0.58,0.36,,,pass
att_20260705_173547_562717_s28.mp3,synth,380,28,2.4,-19.0,0.0,0.58,0.343,,,pass
att_20260705_173550_507403_s29.mp3,synth,381,29,2.35,-20.9,0.0,0.55,0.336,,,pass
att_20260705_173552_889414_s29.mp3,synth,382,29,2.4,-20.8,0.0,0.5,0.343,,,pass
att_20260705_173555_430645_s29.mp3,synth,383,29,2.57,-20.6,0.0,0.58,0.367,,,pass
att_20260705_173558_000278_s30.mp3,synth,384,30,2.38,-19.5,0.0,0.55,0.34,,,pass
att_20260705_173600_897076_s30.mp3,synth,385,30,2.4,-19.7,0.0,0.58,0.343,,,pass
att_20260705_173603_667795_s30.mp3,synth,386,30,2.09,-19.2,0.0,0.6,0.299,,,pass
att_20260705_173606_397071_s31.mp3,synth,387,31,2.04,-18.4,0.0,0.5,0.291,,,pass
att_20260705_173609_032430_s31.mp3,synth,388,31,2.45,-18.4,0.0,0.58,0.35,,,pass
att_20260705_173611_489631_s31.mp3,synth,389,31,2.38,-18.4,0.0,0.55,0.34,,,pass
att_20260705_173614_065569_s32.mp3,synth,390,32,2.26,-20.1,0.0,0.55,0.323,,,pass
att_20260705_173616_645234_s32.mp3,synth,391,32,2.45,-20.4,0.0,0.58,0.35,,,pass
att_20260705_173619_333723_s32.mp3,synth,392,32,2.52,-19.6,0.0,0.58,0.36,,,pass
att_20260705_173622_150976_s33.mp3,synth,393,33,2.74,-20.5,0.0,0.62,0.304,,,pass
att_20260705_173624_773324_s33.mp3,synth,394,33,2.54,-19.6,0.0,0.67,0.282,,,pass
att_20260705_173627_269732_s33.mp3,synth,395,33,2.59,-20.6,0.0,0.67,0.288,,,pass
att_20260705_173630_254867_s1.mp3,synth,396,1,2.98,-20.9,0.0,0.57,0.331,,,pass
att_20260705_173632_681704_s1.mp3,synth,397,1,2.78,-20.7,0.0,0.62,0.309,,,pass
att_20260705_173635_166856_s1.mp3,synth,398,1,3.0,-21.0,0.0,0.53,0.333,,,pass
att_20260705_173638_103229_s2.mp3,synth,399,2,2.52,-21.1,0.0,0.42,0.504,,,pass
att_20260705_173640_559578_s2.mp3,synth,400,2,2.57,-21.8,0.0,0.42,0.514,,,pass
att_20260705_173642_777956_s2.mp3,synth,401,2,2.26,-21.2,0.0,0.45,0.452,,,pass
att_20260705_173645_218027_s3.mp3,synth,402,3,2.23,-20.9,0.0,0.55,0.372,,,pass
att_20260705_173647_862684_s3.mp3,synth,403,3,2.21,-22.4,0.0,0.45,0.368,,,pass
att_20260705_173650_688986_s3.mp3,synth,404,3,2.33,-22.5,0.0,0.55,0.388,,,pass
att_20260705_173653_360085_s4.mp3,synth,405,4,2.4,-21.7,0.0,0.5,0.4,,,pass
att_20260705_173655_911446_s4.mp3,synth,406,4,2.83,-21.4,0.0,0.43,0.472,,,pass
att_20260705_173658_816627_s4.mp3,synth,407,4,2.5,-21.9,0.0,0.42,0.417,,,pass
att_20260705_173701_466436_s5.mp3,synth,408,5,2.52,-22.2,0.0,0.42,0.504,,,pass
att_20260705_173704_235537_s5.mp3,synth,409,5,2.42,-22.4,0.0,0.33,0.484,,,pass
att_20260705_173707_196276_s5.mp3,synth,410,5,2.18,-22.6,0.0,0.5,0.436,,,pass
att_20260705_173710_127470_s6.mp3,synth,411,6,2.62,-22.6,0.0,0.38,0.524,,,pass
att_20260705_173712_553895_s6.mp3,synth,412,6,2.21,-22.1,0.0,0.45,0.442,,,pass
att_20260705_173714_866447_s6.mp3,synth,413,6,2.59,-22.7,0.0,0.42,0.518,,,pass
att_20260705_173717_387636_s7.mp3,synth,414,7,2.57,-21.8,0.0,0.5,0.367,duplicate_exact,att_20260704_224207_429798_s7.mp3,fail
att_20260705_173720_112496_s7.mp3,synth,415,7,2.66,-22.0,0.0,0.46,0.38,,,pass
att_20260705_173722_908333_s7.mp3,synth,416,7,2.86,-21.9,0.0,0.43,0.409,,,pass
att_20260705_173725_496414_s8.mp3,synth,417,8,2.35,-22.5,0.0,0.55,0.392,,,pass
att_20260705_173728_104593_s8.mp3,synth,418,8,2.74,-22.5,0.0,0.46,0.457,,,pass
att_20260705_173730_716789_s8.mp3,synth,419,8,2.45,-23.3,0.0,0.42,0.408,,,pass
att_20260705_173733_363288_s9.mp3,synth,420,9,2.86,-21.2,0.0,0.5,0.409,,,pass
att_20260705_173736_046286_s9.mp3,synth,421,9,2.45,-21.1,0.0,0.5,0.35,,,pass
att_20260705_173738_523070_s9.mp3,synth,422,9,2.54,-21.9,0.0,0.5,0.363,,,pass
att_20260705_173741_159070_s10.mp3,synth,423,10,2.69,-24.6,0.0,0.38,0.538,,,pass
att_20260705_173743_686240_s10.mp3,synth,424,10,2.52,-25.1,0.0,0.42,0.504,,,pass
att_20260705_173746_414914_s10.mp3,synth,425,10,2.66,-25.2,0.0,0.38,0.532,,,pass
att_20260705_173749_187207_s11.mp3,synth,426,11,3.17,-22.1,0.0,0.47,0.396,,,pass
att_20260705_173751_804410_s11.mp3,synth,427,11,2.95,-21.2,0.0,0.57,0.369,,,pass
att_20260705_173754_426240_s11.mp3,synth,428,11,2.9,-21.7,0.0,0.5,0.362,,,pass
att_20260705_173757_315737_s12.mp3,synth,429,12,3.1,-20.1,0.0,0.53,0.344,,,pass
att_20260705_173759_908926_s12.mp3,synth,430,12,2.83,-20.5,0.0,0.5,0.314,,,pass
att_20260705_173802_383950_s12.mp3,synth,431,12,2.98,-20.5,0.0,0.5,0.331,,,pass
att_20260705_173805_129574_s13.mp3,synth,432,13,3.07,-22.0,0.0,0.47,0.439,,,pass
att_20260705_173807_755149_s13.mp3,synth,433,13,3.02,-22.2,0.0,0.47,0.431,,,pass
att_20260705_173810_463861_s13.mp3,synth,434,13,3.0,-21.8,0.0,0.47,0.429,,,pass
att_20260705_173813_040453_s14.mp3,synth,435,14,2.95,-20.8,0.0,0.57,0.295,,,pass
att_20260705_173815_695539_s14.mp3,synth,436,14,3.29,-21.2,0.0,0.5,0.329,,,pass
att_20260705_173818_385596_s14.mp3,synth,437,14,3.36,-21.2,0.0,0.56,0.336,,,pass
att_20260705_173820_876408_s15.mp3,synth,438,15,2.81,-19.4,0.0,0.57,0.351,,,pass
att_20260705_173823_873251_s15.mp3,synth,439,15,2.71,-19.7,0.0,0.62,0.339,,,pass
att_20260705_173826_558934_s15.mp3,synth,440,15,2.86,-19.5,0.0,0.57,0.357,,,pass
att_20260705_173829_089026_s16.mp3,synth,441,16,2.93,-21.4,0.0,0.5,0.366,,,pass
att_20260705_173831_648795_s16.mp3,synth,442,16,2.86,-21.3,0.0,0.5,0.357,,,pass
att_20260705_173834_049239_s16.mp3,synth,443,16,3.26,-21.2,0.0,0.5,0.407,,,pass
att_20260705_173836_715688_s17.mp3,synth,444,17,2.66,-23.0,0.0,0.46,0.443,,,pass
att_20260705_173839_099925_s17.mp3,synth,445,17,2.35,-22.9,0.0,0.55,0.392,,,pass
att_20260705_173841_691221_s17.mp3,synth,446,17,2.81,-23.0,0.0,0.43,0.468,,,pass
att_20260705_173844_150399_s18.mp3,synth,447,18,2.88,-20.7,0.0,0.64,0.32,,,pass
att_20260705_173846_795765_s18.mp3,synth,448,18,3.12,-20.9,0.0,0.53,0.347,,,pass
att_20260705_173849_469551_s18.mp3,synth,449,18,2.83,-20.8,0.0,0.57,0.314,,,pass
att_20260705_173852_079832_s19.mp3,synth,450,19,2.71,-21.1,0.0,0.62,0.339,,,pass
att_20260705_173854_810830_s19.mp3,synth,451,19,2.69,-20.9,0.0,0.54,0.336,,,pass
att_20260705_173857_551724_s19.mp3,synth,452,19,2.57,-20.7,0.0,0.58,0.321,,,pass
att_20260705_173900_380684_s20.mp3,synth,453,20,2.86,-22.7,0.0,0.57,0.318,,,pass
att_20260705_173902_907660_s20.mp3,synth,454,20,2.69,-22.8,0.0,0.62,0.299,,,pass
att_20260705_173905_890678_s20.mp3,synth,455,20,2.71,-22.9,0.0,0.62,0.301,,,pass
att_20260705_173908_516394_s21.mp3,synth,456,21,3.02,-20.1,0.0,0.53,0.336,,,pass
att_20260705_173911_195211_s21.mp3,synth,457,21,2.86,-20.0,0.0,0.64,0.318,,,pass
att_20260705_173913_866720_s21.mp3,synth,458,21,3.0,-20.1,0.0,0.53,0.333,,,pass
att_20260705_173916_760495_s22.mp3,synth,459,22,3.36,-22.3,0.0,0.5,0.48,,,pass
att_20260705_173919_333672_s22.mp3,synth,460,22,3.02,-22.4,0.0,0.47,0.431,,,pass
att_20260705_173922_201460_s22.mp3,synth,461,22,2.76,-22.4,0.0,0.62,0.394,,,pass
att_20260705_173925_328706_s23.mp3,synth,462,23,2.83,-21.2,0.0,0.5,0.354,,,pass
att_20260705_173929_377280_s23.mp3,synth,463,23,2.74,-20.9,0.0,0.62,0.343,,,pass
att_20260705_173932_335954_s23.mp3,synth,464,23,3.14,-21.2,0.0,0.53,0.393,,,pass
att_20260705_173936_272945_s24.mp3,synth,465,24,2.93,-23.6,0.0,0.5,0.419,,,pass
att_20260705_173939_017153_s24.mp3,synth,466,24,2.76,-22.9,0.0,0.54,0.394,,,pass
att_20260705_173941_628253_s24.mp3,synth,467,24,2.93,-21.6,0.0,0.43,0.419,,,pass
att_20260705_173944_186190_s25.mp3,synth,468,25,2.66,-22.2,0.0,0.62,0.333,,,pass
att_20260705_173946_841652_s25.mp3,synth,469,25,3.12,-22.2,0.0,0.53,0.39,,,pass
att_20260705_173949_389566_s25.mp3,synth,470,25,2.86,-22.7,0.0,0.5,0.357,,,pass
att_20260705_173951_917355_s26.mp3,synth,471,26,2.64,-24.1,0.0,0.38,0.528,,,pass
att_20260705_173954_483539_s26.mp3,synth,472,26,2.64,-23.2,0.0,0.38,0.528,,,pass
att_20260705_173957_315111_s26.mp3,synth,473,26,2.64,-23.3,0.0,0.38,0.528,,,pass
att_20260705_174000_061694_s27.mp3,synth,474,27,2.5,-23.8,0.0,0.5,0.357,,,pass
att_20260705_174002_800649_s27.mp3,synth,475,27,2.88,-24.2,0.0,0.5,0.411,,,pass
att_20260705_174006_320430_s27.mp3,synth,476,27,2.83,-23.8,0.0,0.43,0.404,,,pass
att_20260705_174009_371074_s28.mp3,synth,477,28,2.83,-21.9,0.0,0.43,0.404,,,pass
att_20260705_174012_657079_s28.mp3,synth,478,28,2.57,-21.6,0.0,0.58,0.367,,,pass
att_20260705_174015_332217_s28.mp3,synth,479,28,2.93,-21.2,0.0,0.5,0.419,,,pass
att_20260705_174018_619704_s29.mp3,synth,480,29,2.33,-21.5,0.0,0.55,0.333,,,pass
att_20260705_174021_194927_s29.mp3,synth,481,29,2.59,-22.4,0.0,0.5,0.37,,,pass
att_20260705_174024_120828_s29.mp3,synth,482,29,2.52,-22.1,0.0,0.5,0.36,,,pass
att_20260705_174026_944125_s30.mp3,synth,483,30,2.98,-20.1,0.0,0.5,0.426,,,pass
att_20260705_174029_677837_s30.mp3,synth,484,30,2.59,-20.1,0.0,0.58,0.37,,,pass
att_20260705_174032_457208_s30.mp3,synth,485,30,2.5,-20.3,0.0,0.5,0.357,,,pass
att_20260705_174035_473613_s31.mp3,synth,486,31,2.64,-20.8,0.0,0.46,0.377,,,pass
att_20260705_174038_587554_s31.mp3,synth,487,31,2.5,-20.9,0.0,0.42,0.357,,,pass
att_20260705_174042_195129_s31.mp3,synth,488,31,2.42,-20.7,0.0,0.5,0.346,,,pass
att_20260705_174045_047235_s32.mp3,synth,489,32,3.1,-21.9,0.0,0.53,0.443,,,pass
att_20260705_174048_118859_s32.mp3,synth,490,32,2.64,-22.1,0.0,0.62,0.377,,,pass
att_20260705_174051_540790_s32.mp3,synth,491,32,2.66,-21.6,0.0,0.54,0.38,,,pass
att_20260705_174056_427496_s33.mp3,synth,492,33,2.74,-19.9,0.0,0.62,0.304,,,pass
att_20260705_174100_864940_s33.mp3,synth,493,33,3.12,-20.0,0.0,0.53,0.347,,,pass
att_20260705_174105_810423_s33.mp3,synth,494,33,3.12,-20.4,0.0,0.53,0.347,,,pass
att_20260705_174110_723628_s1.mp3,synth,495,1,2.74,-18.0,0.0,0.69,0.304,,,pass
att_20260705_174116_252654_s1.mp3,synth,496,1,2.62,-18.1,0.0,0.69,0.291,,,pass
att_20260705_174121_423306_s1.mp3,synth,497,1,2.52,-18.1,0.0,0.75,0.28,,,pass
att_20260705_174125_682347_s2.mp3,synth,498,2,1.92,-20.3,0.0,0.56,0.384,,,pass
att_20260705_174129_732813_s2.mp3,synth,499,2,1.8,-19.9,0.0,0.67,0.36,,,pass
att_20260705_174134_295663_s2.mp3,synth,500,2,1.7,-20.0,0.0,0.75,0.34,,,pass
att_20260705_174139_094830_s3.mp3,synth,501,3,1.8,-18.4,0.0,0.67,0.3,,,pass
att_20260705_174143_597345_s3.mp3,synth,502,3,2.02,-18.6,0.0,0.7,0.337,,,pass
att_20260705_174147_541259_s3.mp3,synth,503,3,1.94,-18.8,0.0,0.78,0.323,,,pass
att_20260705_174152_091666_s4.mp3,synth,504,4,1.94,-20.1,0.0,0.78,0.323,,,pass
att_20260705_174156_120935_s4.mp3,synth,505,4,2.09,-19.6,0.0,0.7,0.348,,,pass
att_20260705_174159_621231_s4.mp3,synth,506,4,1.73,-19.6,0.0,0.88,0.288,,,pass
att_20260705_174202_399712_s5.mp3,synth,507,5,1.58,-20.4,0.0,0.71,0.316,,,pass
att_20260705_174205_366619_s5.mp3,synth,508,5,1.54,-19.9,0.0,0.71,0.308,,,pass
att_20260705_174208_489103_s5.mp3,synth,509,5,1.46,-20.2,0.0,0.71,0.292,,,pass
att_20260705_174211_429176_s6.mp3,synth,510,6,1.87,-20.0,0.0,0.67,0.374,,,pass
att_20260705_174214_150611_s6.mp3,synth,511,6,1.8,-19.5,0.0,0.67,0.36,,,pass
att_20260705_174216_943309_s6.mp3,synth,512,6,1.92,-19.8,0.0,0.67,0.384,,,pass
att_20260705_174220_059600_s7.mp3,synth,513,7,2.35,-19.0,0.0,0.73,0.336,,,pass
att_20260705_174223_229807_s7.mp3,synth,514,7,2.11,-18.6,0.0,0.7,0.301,,,pass
att_20260705_174226_652744_s7.mp3,synth,515,7,2.11,-18.6,0.0,0.8,0.301,,,pass
att_20260705_174229_433272_s8.mp3,synth,516,8,2.06,-20.2,0.0,0.7,0.343,,,pass
att_20260705_174232_259860_s8.mp3,synth,517,8,2.06,-20.5,0.0,0.7,0.343,,,pass
att_20260705_174235_216175_s8.mp3,synth,518,8,2.02,-19.7,0.0,0.7,0.337,,,pass
att_20260705_174238_073040_s9.mp3,synth,519,9,2.11,-19.6,0.0,0.9,0.301,,,pass
att_20260705_174241_100743_s9.mp3,synth,520,9,2.4,-19.8,0.0,0.67,0.343,,,pass
att_20260705_174244_167424_s9.mp3,synth,521,9,2.4,-19.2,0.0,0.67,0.343,,,pass
att_20260705_174247_333297_s10.mp3,synth,522,10,1.8,-22.6,0.0,0.56,0.36,,,pass
att_20260705_174250_164527_s10.mp3,synth,523,10,2.09,-21.8,0.0,0.6,0.418,,,pass
att_20260705_174252_796425_s10.mp3,synth,524,10,1.68,-22.5,0.0,0.88,0.336,,,pass
att_20260705_174255_606024_s11.mp3,synth,525,11,2.57,-18.8,0.0,0.75,0.321,,,pass
att_20260705_174258_445866_s11.mp3,synth,526,11,2.23,-18.8,0.0,0.73,0.279,,,pass
att_20260705_174301_323731_s11.mp3,synth,527,11,2.14,-18.8,0.0,0.7,0.268,,,pass
att_20260705_174304_436629_s12.mp3,synth,528,12,2.26,-18.6,0.0,0.73,0.251,,,pass
att_20260705_174307_665039_s12.mp3,synth,529,12,2.57,-18.6,0.0,0.75,0.286,,,pass
att_20260705_174311_469272_s12.mp3,synth,530,12,2.16,-18.6,0.0,0.7,0.24,,,pass
att_20260705_174314_746414_s13.mp3,synth,531,13,2.14,-19.7,0.0,0.8,0.306,,,pass
att_20260705_174317_646237_s13.mp3,synth,532,13,2.26,-20.2,0.0,0.82,0.323,,,pass
att_20260705_174320_416598_s13.mp3,synth,533,13,2.11,-19.7,0.0,0.8,0.301,,,pass
att_20260705_174323_588818_s14.mp3,synth,534,14,2.52,-18.9,0.0,0.75,0.252,,,pass
att_20260705_174326_644901_s14.mp3,synth,535,14,2.54,-19.0,0.0,0.75,0.254,,,pass
att_20260705_174330_508676_s14.mp3,synth,536,14,2.74,-18.7,0.0,0.77,0.274,,,pass
att_20260705_174334_564574_s15.mp3,synth,537,15,2.35,-19.0,0.0,0.82,0.294,,,pass
att_20260705_174337_967265_s15.mp3,synth,538,15,2.47,-18.7,0.0,0.75,0.309,,,pass
att_20260705_174341_240529_s15.mp3,synth,539,15,2.18,-18.7,0.0,0.8,0.273,,,pass
att_20260705_174344_706227_s16.mp3,synth,540,16,2.21,-19.6,0.0,0.73,0.276,,,pass
att_20260705_174347_968968_s16.mp3,synth,541,16,2.28,-19.3,0.0,0.73,0.285,,,pass
att_20260705_174351_828253_s16.mp3,synth,542,16,2.38,-19.6,0.0,0.82,0.297,,,pass
att_20260705_174354_825257_s17.mp3,synth,543,17,1.9,-19.9,0.0,0.78,0.317,,,pass
att_20260705_174358_109004_s17.mp3,synth,544,17,1.66,-19.9,0.0,0.75,0.277,,,pass
att_20260705_174401_172057_s17.mp3,synth,545,17,1.85,-19.8,0.0,0.67,0.308,,,pass
att_20260705_174404_417026_s18.mp3,synth,546,18,2.95,-19.6,0.0,0.79,0.328,,,pass
att_20260705_174408_010336_s18.mp3,synth,547,18,2.69,-19.8,0.0,0.77,0.299,,,pass
att_20260705_174412_069928_s18.mp3,synth,548,18,2.83,-19.7,0.0,0.71,0.314,,,pass
att_20260705_174415_513519_s19.mp3,synth,549,19,1.99,-18.8,0.0,0.89,0.249,,,pass
att_20260705_174418_718176_s19.mp3,synth,550,19,2.42,-18.6,0.0,0.75,0.302,,,pass
att_20260705_174422_351319_s19.mp3,synth,551,19,2.54,-19.2,0.0,0.75,0.318,,,pass
att_20260705_174425_746363_s20.mp3,synth,552,20,2.57,-18.6,0.0,0.75,0.286,,,pass
att_20260705_174429_252859_s20.mp3,synth,553,20,2.5,-18.8,0.0,0.75,0.278,,,pass
att_20260705_174432_899175_s20.mp3,synth,554,20,2.42,-18.9,0.0,0.75,0.269,,,pass
att_20260705_174436_234506_s21.mp3,synth,555,21,2.26,-18.2,0.0,0.82,0.251,,,pass
att_20260705_174439_407572_s21.mp3,synth,556,21,2.52,-18.1,0.0,0.83,0.28,,,pass
att_20260705_174442_711494_s21.mp3,synth,557,21,2.5,-18.4,0.0,0.75,0.278,,,pass
att_20260705_174446_164035_s22.mp3,synth,558,22,2.18,-18.8,0.0,0.9,0.311,,,pass
att_20260705_174448_958332_s22.mp3,synth,559,22,2.16,-18.9,0.0,0.9,0.309,,,pass
att_20260705_174451_940772_s22.mp3,synth,560,22,2.45,-19.1,0.0,0.75,0.35,,,pass
att_20260705_174455_331435_s23.mp3,synth,561,23,2.3,-19.5,0.0,0.82,0.287,,,pass
att_20260705_174458_310073_s23.mp3,synth,562,23,2.06,-19.1,0.0,0.9,0.258,,,pass
att_20260705_174503_538309_s23.mp3,synth,563,23,2.33,-19.4,0.0,0.82,0.291,,,pass
att_20260705_174506_868578_s24.mp3,synth,564,24,2.02,-19.6,0.0,0.7,0.289,,,pass
att_20260705_174509_708285_s24.mp3,synth,565,24,2.06,-19.6,0.0,0.8,0.294,,,pass
att_20260705_174513_069188_s24.mp3,synth,566,24,2.18,-19.5,0.0,0.7,0.311,,,pass
att_20260705_174516_226353_s25.mp3,synth,567,25,2.45,-19.4,0.0,0.75,0.306,,,pass
att_20260705_174519_606779_s25.mp3,synth,568,25,2.42,-18.9,0.0,0.83,0.302,,,pass
att_20260705_174522_591694_s25.mp3,synth,569,25,2.5,-19.3,0.0,0.83,0.312,,,pass
att_20260705_174526_270365_s26.mp3,synth,570,26,1.7,-20.8,0.0,0.75,0.34,,,pass
att_20260705_174529_920441_s26.mp3,synth,571,26,1.92,-20.4,0.0,0.67,0.384,,,pass
att_20260705_174533_047504_s26.mp3,synth,572,26,1.7,-21.2,0.0,0.75,0.34,,,pass
att_20260705_174536_925886_s27.mp3,synth,573,27,2.47,-20.0,0.0,0.75,0.353,,,pass
att_20260705_174540_051590_s27.mp3,synth,574,27,2.4,-20.0,0.0,0.67,0.343,,,pass
att_20260705_174543_051730_s27.mp3,synth,575,27,2.23,-20.4,0.0,0.73,0.319,,,pass
att_20260705_174546_043663_s28.mp3,synth,576,28,2.47,-19.2,0.0,0.67,0.353,,,pass
att_20260705_174549_206615_s28.mp3,synth,577,28,2.06,-19.1,0.0,0.7,0.294,,,pass
att_20260705_174552_351480_s28.mp3,synth,578,28,2.21,-19.4,0.0,0.73,0.316,,,pass
att_20260705_174555_439787_s29.mp3,synth,579,29,1.92,-19.8,0.0,0.67,0.274,,,pass
att_20260705_174558_650152_s29.mp3,synth,580,29,2.18,-19.8,0.0,0.7,0.311,,,pass
att_20260705_174601_694616_s29.mp3,synth,581,29,1.9,-19.5,0.0,0.67,0.271,,,pass
att_20260705_174604_965307_s30.mp3,synth,582,30,2.23,-19.2,0.0,0.64,0.319,,,pass
att_20260705_174607_860778_s30.mp3,synth,583,30,1.97,-19.1,0.0,0.78,0.281,,,pass
att_20260705_174611_043961_s30.mp3,synth,584,30,2.3,-19.2,0.0,0.73,0.329,,,pass
att_20260705_174614_307548_s31.mp3,synth,585,31,2.42,-19.0,0.0,0.67,0.346,,,pass
att_20260705_174617_155259_s31.mp3,synth,586,31,2.06,-18.6,0.0,0.7,0.294,,,pass
att_20260705_174620_176334_s31.mp3,synth,587,31,2.09,-19.2,0.0,0.7,0.299,,,pass
att_20260705_174623_492981_s32.mp3,synth,588,32,2.16,-20.5,0.0,0.8,0.309,,,pass
att_20260705_174626_790877_s32.mp3,synth,589,32,2.35,-20.2,0.0,0.82,0.336,,,pass
att_20260705_174629_754241_s32.mp3,synth,590,32,2.38,-20.5,0.0,0.82,0.34,,,pass
att_20260705_174633_166791_s33.mp3,synth,591,33,2.26,-19.1,0.0,0.82,0.251,,,pass
att_20260705_174636_483952_s33.mp3,synth,592,33,2.3,-19.3,0.0,0.91,0.256,,,pass
att_20260705_174640_668807_s33.mp3,synth,593,33,2.21,-18.9,0.0,0.82,0.246,,,pass
normal_01.wav,week1,,,4.25,-17.3,0.0001,0.48,0.472,duplicate_exact,att_20260704_123959_567213_s1.wav,fail
normal_02.wav,week1,,,2.72,-18.0,0.0002,0.46,0.544,duplicate_exact,att_20260704_124004_546749_s2.wav,fail
normal_03.wav,week1,,,3.1,-19.9,0.0,0.53,0.517,duplicate_exact,att_20260704_124006_240447_s3.wav,fail
normal_04.wav,week1,,,2.85,-17.4,0.0002,0.57,0.475,duplicate_exact,att_20260704_124008_116977_s4.wav,fail
normal_05.wav,week1,,,2.57,-19.4,0.0,0.5,0.514,duplicate_exact,att_20260704_124009_964056_s5.wav,fail
normal_06.wav,week1,,,2.85,-19.8,0.0,0.5,0.57,duplicate_exact,att_20260704_124011_788246_s6.wav,fail
normal_07.wav,week1,,,3.67,-19.1,0.0001,0.44,0.524,duplicate_exact,att_20260704_124013_570594_s7.wav,fail
normal_08.wav,week1,,,3.5,-19.5,0.0,0.47,0.583,duplicate_exact,att_20260704_124015_449431_s8.wav,fail
normal_09.wav,week1,,,4.47,-19.2,0.0,0.41,0.639,duplicate_exact,att_20260704_124017_378172_s9.wav,fail
normal_10.wav,week1,,,3.2,-20.7,0.0001,0.47,0.64,duplicate_exact,att_20260704_124019_262948_s10.wav,fail
wrong_01.wav,week1,,,3.75,-20.2,0.0,0.67,0.417,duplicate_exact,att_20260704_124021_098954_s1.wav,fail
wrong_02.wav,week1,,,3.17,-20.7,0.0001,0.47,0.634,duplicate_exact,att_20260704_124023_039290_s2.wav,fail
wrong_03.wav,week1,,,3.15,-19.9,0.0,0.67,0.525,duplicate_exact,att_20260704_124024_924517_s3.wav,fail
wrong_04.wav,week1,,,3.55,-18.9,0.0001,0.53,0.507,duplicate_exact,att_20260704_124026_810299_s4.wav,fail
wrong_05.wav,week1,,,2.97,-21.2,0.0,0.57,0.594,duplicate_exact,att_20260704_124028_725788_s5.wav,fail
wrong_06.wav,week1,,,3.17,-20.2,0.0,0.47,0.634,duplicate_exact,att_20260704_124030_626719_s6.wav,fail
wrong_07.wav,week1,,,3.72,-19.5,0.0,0.5,0.531,duplicate_exact,att_20260704_124032_510554_s7.wav,fail
wrong_08.wav,week1,,,3.6,-20.8,0.0001,0.53,0.6,duplicate_exact,att_20260704_124034_495315_s8.wav,fail
wrong_09.wav,week1,,,3.42,-19.8,0.0,0.59,0.489,duplicate_exact,att_20260704_124036_536457_s9.wav,fail
wrong_10.wav,week1,,,3.7,-22.1,0.0001,0.39,0.74,duplicate_exact,att_20260704_124038_592618_s10.wav,fail
